latitude,longitude,elevation,slope,aspect,tri,relief_5x5,plan_curvature,dist_to_infrastructure_km,label,spatial_group,date,rainfall_7d_mm,sar_vv,sar_vh,sar_available
26.1699,91.7986,147.0,1.3,45.0,2.42,12.0,-14.0536,6.84,1,26_91,2007/07/19 00:00:00+00,159.9,0.35,0.08,0
27.2644,88.1365,1272.0,15.6,234.5,9.12,58.0,-1.0218,11.41,1,27_88,2009/08/19 00:00:00+00,386.7,0.35,0.08,0
26.1844,91.7896,63.0,4.6,126.9,2.03,8.0,0.8094,6.93,1,26_91,2014/06/26 00:00:00+00,215.2,0.35,0.08,0
27.0246,88.4385,435.0,35.4,46.8,18.51,87.0,-0.8043,18.07,1,27_88,2009/08/16 00:00:00+00,322.5,0.35,0.08,0
27.5509,88.6475,1390.0,40.8,78.1,25.55,152.0,0.4603,5.47,1,27_88,2010/07/21 00:00:00+00,284.1,0.35,0.08,0
27.059,88.4694,1182.0,9.9,146.3,5.09,36.0,-1.4391,14.37,1,27_88,2014/07/15 00:00:00+00,89.1,0.35,0.08,0
25.8833,91.2,256.0,25.1,146.3,11.86,56.0,0.0,60.95,1,25_91,2010/06/09 00:00:00+00,156.1,0.35,0.08,0
26.1665,91.7049,235.0,13.8,82.4,6.74,35.0,1.3848,3.97,1,26_91,2013/10/06 00:00:00+00,60.5,0.35,0.08,0
27.0599,88.4674,1239.0,12.8,184.1,5.97,32.0,-1.7565,14.36,1,27_88,2013/09/16 00:00:00+00,17.0,0.35,0.08,0
27.0366,88.263,2113.0,18.1,296.6,10.13,69.0,-0.5746,16.84,1,27_88,2010/08/05 00:00:00+00,219.3,0.35,0.08,0
27.2084,88.4909,339.0,24.9,347.9,12.68,71.0,2.1705,2.91,1,27_88,2007/09/11 00:00:00+00,440.9,0.35,0.08,0
27.0377,88.3603,1484.0,20.5,124.4,9.32,45.0,-1.6428,14.38,1,27_88,2012/09/14 00:00:00+00,166.2,0.35,0.08,0
25.5728,91.885,1504.0,9.4,281.3,4.97,18.0,4.2794,1.07,1,25_91,2010/06/28 00:00:00+00,20.0,0.35,0.08,0
27.1675,88.3651,1511.0,20.5,87.5,10.57,55.0,0.9077,1.5,1,27_88,2012/09/16 00:00:00+00,303.1,0.35,0.08,0
27.3702,88.7334,3523.0,12.7,30.3,5.52,19.0,-0.9542,13.01,1,27_88,2010/09/04 00:00:00+00,129.4,0.35,0.08,0
26.1771,91.7599,84.0,8.5,310.6,5.09,21.0,-3.8918,4.33,1,26_91,2013/05/11 00:00:00+00,69.1,0.35,0.08,0
25.4916,91.2698,1496.0,11.3,104.0,6.08,20.0,-2.7496,38.14,1,25_91,2010/06/28 00:00:00+00,330.5,0.35,0.08,0
27.1344,88.4575,629.0,22.6,339.4,10.61,63.0,2.1939,8.56,1,27_88,2009/08/20 00:00:00+00,499.7,0.35,0.08,0
26.0975,91.8744,188.0,34.5,304.4,17.04,73.0,-0.4577,14.76,1,26_91,2016/07/19 00:00:00+00,196.0,0.35,0.08,0
27.2319,88.497,360.0,10.5,37.9,4.65,22.0,1.7529,0.33,1,27_88,2010/08/26 00:00:00+00,401.1,0.35,0.08,0
27.1141,88.4658,283.0,45.7,94.5,26.9,98.0,1.8988,9.4,1,27_88,2011/07/20 00:00:00+00,385.6,0.35,0.08,0
26.1475,91.7356,54.0,0.0,270.0,1.0,3.0,0.0,0.34,1,26_91,2012/06/02 00:00:00+00,77.2,0.35,0.08,0
27.3383,88.6069,1516.0,14.2,45.0,7.48,56.0,-2.5552,0.08,1,27_88,2007/05/23 00:00:00+00,68.8,0.35,0.08,0
26.149,91.7351,54.0,1.9,270.0,1.22,4.0,0.0,0.51,1,26_91,2012/06/20 00:00:00+00,128.2,0.35,0.08,0
27.0257,88.4301,296.0,40.3,225.0,21.65,117.0,0.3798,17.57,1,27_88,2015/06/17 00:00:00+00,88.6,0.35,0.08,0
27.3543,88.6428,2119.0,15.4,208.1,8.02,48.0,0.1824,3.97,1,27_88,2010/05/31 00:00:00+00,111.7,0.35,0.08,0
25.9703,91.8584,289.0,11.0,131.6,5.53,32.0,-0.4222,8.11,1,25_91,2015/09/06 00:00:00+00,465.4,0.35,0.08,0
27.7276,88.0446,5488.0,30.4,194.4,13.98,91.0,-1.4247,49.76,1,27_88,2010/08/29 00:00:00+00,62.9,0.35,0.08,0
26.1314,91.7548,76.0,7.0,293.2,3.98,19.0,2.3152,2.36,1,26_91,2014/09/22 00:00:00+00,134.6,0.35,0.08,0
25.1472,91.7483,20.0,1.3,315.0,0.79,4.0,-8.9432,13.78,1,25_91,2015/02/22 00:00:00+00,11.9,0.35,0.08,0
27.1667,88.35,1155.0,22.1,4.6,11.09,58.0,0.0289,0.0,1,27_88,2007/09/09 00:00:00+00,560.6,0.35,0.08,0
25.52,91.27,1348.0,10.7,239.0,5.34,22.0,-1.4946,40.0,1,25_91,2007/09/11 00:00:00+00,419.0,0.35,0.08,0
27.3341,88.6083,1450.0,22.3,18.4,9.41,56.0,0.9999,0.56,1,27_88,2010/04/17 00:00:00+00,30.8,0.35,0.08,0
27.1386,88.2255,882.0,24.3,329.7,11.44,68.0,-0.9461,12.71,1,27_88,2011/08/23 00:00:00+00,455.5,0.35,0.08,0
27.0165,88.2476,2189.0,7.9,35.5,4.15,37.0,1.8846,19.54,1,27_88,2015/06/13 00:00:00+00,222.0,0.35,0.08,0
27.6047,88.6463,1614.0,11.9,112.6,7.31,52.0,-1.7237,0.64,1,27_88,2013/09/08 00:00:00+00,229.6,0.35,0.08,0
26.1001,91.6849,86.0,24.6,247.1,12.39,62.0,1.9478,7.11,1,26_91,2014/09/22 00:00:00+00,145.3,0.35,0.08,0
26.159,91.8178,63.0,6.7,105.9,3.08,20.0,0.3559,8.3,1,26_91,2014/09/22 00:00:00+00,134.6,0.35,0.08,0
26.1044,91.7082,53.0,2.1,243.4,1.06,6.0,2.5857,5.26,1,26_91,2014/09/22 00:00:00+00,145.3,0.35,0.08,0
27.0136,92.6351,225.0,4.6,126.9,2.37,12.0,-1.272,35.34,1,27_92,2016/07/01 00:00:00+00,90.9,0.35,0.08,0
27.322,88.6087,1510.0,30.3,340.6,16.21,78.0,-1.4438,1.89,1,27_88,2010/04/17 00:00:00+00,30.8,0.35,0.08,0
27.0537,88.4257,232.0,25.7,199.7,12.68,66.0,-0.5356,14.63,1,27_88,2011/07/19 00:00:00+00,273.2,0.35,0.08,0
27.172,88.5292,324.0,37.4,265.1,20.89,84.0,-0.2531,0.5,1,27_88,2016/10/15 00:00:00+00,240.7,0.35,0.08,0
27.1761,88.5287,299.0,9.9,33.7,6.08,51.0,1.6961,0.13,1,27_88,2009/08/20 00:00:00+00,499.7,0.35,0.08,0
27.5161,88.5575,1342.0,15.0,284.0,9.02,63.0,1.2889,2.98,1,27_88,2011/09/30 00:00:00+00,75.3,0.35,0.08,0
26.1961,91.7825,124.0,12.3,116.6,7.51,38.0,-0.5387,7.37,1,26_91,2016/06/22 00:00:00+00,140.1,0.35,0.08,0
27.0076,88.251,2257.0,15.2,107.4,7.25,38.0,-0.6843,20.22,1,27_88,2015/06/27 00:00:00+00,114.6,0.35,0.08,0
27.4,92.35,2624.0,25.3,337.8,12.26,62.0,-0.7597,16.41,1,27_92,2008/10/29 00:00:00+00,131.6,0.35,0.08,0
27.6163,88.6586,1845.0,29.8,135.0,15.05,144.0,-0.2044,2.0,1,27_88,2015/05/24 00:00:00+00,187.9,0.35,0.08,0
27.1499,88.38,1107.0,30.3,270.0,15.88,76.0,-0.4015,3.51,1,27_88,2007/07/16 00:00:00+00,286.3,0.35,0.08,0
27.0096,88.2548,2315.0,20.3,113.2,9.43,50.0,0.5699,19.85,1,27_88,2007/08/29 00:00:00+00,114.2,0.35,0.08,0
27.3425,88.6236,2049.0,35.5,111.3,18.2,92.0,-0.4527,1.74,1,27_88,2007/09/10 00:00:00+00,442.4,0.35,0.08,0
26.1666,91.7042,236.0,16.1,38.2,7.42,36.0,0.0627,4.03,1,26_91,2015/09/23 00:00:00+00,165.7,0.35,0.08,0
27.0605,88.255,1977.0,30.2,192.9,15.35,85.0,0.3998,15.1,1,27_88,2011/09/25 00:00:00+00,109.4,0.35,0.08,0
27.8385,88.556,3827.0,17.5,55.5,8.57,58.0,-0.9913,13.56,1,27_88,2012/09/19 00:00:00+00,177.1,0.35,0.08,0
27.0713,88.4308,281.0,28.3,353.1,18.9,116.0,-0.9582,13.28,1,27_88,2007/08/25 00:00:00+00,72.7,0.35,0.08,0
26.1768,91.7702,83.0,27.9,156.6,15.12,75.0,0.233,4.94,1,26_91,2016/07/14 00:00:00+00,129.8,0.35,0.08,0
27.0765,88.4808,1212.0,18.1,84.3,8.76,41.0,-0.0071,12.13,1,27_88,2010/06/16 00:00:00+00,61.7,0.35,0.08,0
26.1662,91.7138,143.0,19.7,177.4,9.71,64.0,-1.605,3.29,1,26_91,2013/05/11 00:00:00+00,69.1,0.35,0.08,0
26.1985,91.7998,83.0,10.3,79.7,4.85,25.0,-1.7427,8.74,1,26_91,2014/09/22 00:00:00+00,134.6,0.35,0.08,0
27.593,88.492,3237.0,46.0,72.7,24.65,124.0,-0.4881,10.48,1,27_88,2016/08/16 00:00:00+00,117.9,0.35,0.08,0
27.04,88.264,2080.0,11.0,355.2,6.98,43.0,-1.7219,16.46,1,27_88,2009/07/22 00:00:00+00,85.6,0.35,0.08,0
27.3746,88.7648,3748.0,5.9,18.4,2.62,18.0,1.8855,16.13,1,27_88,2009/08/26 00:00:00+00,172.3,0.35,0.08,0
25.9072,91.8819,585.0,7.4,299.7,4.14,31.0,-0.6896,0.83,1,25_91,2017/05/26 00:00:00+00,62.7,0.1672,0.0524,1
27.3736,88.7323,3426.0,30.6,74.1,16.47,70.0,-0.0187,13.01,1,27_88,2013/09/07 00:00:00+00,159.6,0.35,0.08,0
27.0215,88.259,2320.0,21.1,123.0,9.43,65.0,0.6805,18.49,1,27_88,2017/07/06 00:00:00+00,267.5,0.35,0.08,0
27.0683,88.2812,1730.0,3.8,346.0,3.81,22.0,0.4124,12.89,1,27_88,2007/09/05 00:00:00+00,151.6,0.35,0.08,0
27.543,88.5968,1671.0,35.3,110.1,26.13,195.0,0.3488,7.82,1,27_88,2017/05/26 00:00:00+00,128.8,0.35,0.08,0
27.0816,88.4397,252.0,22.5,300.6,11.21,75.0,0.9667,12.97,1,27_88,2015/07/07 00:00:00+00,221.5,0.35,0.08,0
26.1964,91.7652,81.0,12.9,261.9,6.4,22.0,-2.4837,6.46,1,26_91,2014/06/28 00:00:00+00,168.1,0.35,0.08,0
25.5576,91.8506,1686.0,4.6,233.1,2.74,17.0,-2.3127,4.89,1,25_91,2007/08/26 00:00:00+00,58.2,0.35,0.08,0
27.3425,88.2426,1388.0,25.8,13.6,13.96,66.0,-1.1846,6.62,1,27_88,2013/09/01 00:00:00+00,109.7,0.35,0.08,0
27.0087,88.443,317.0,34.4,148.6,16.32,66.0,-0.6344,19.84,1,27_88,2015/06/17 00:00:00+00,88.6,0.35,0.08,0
27.1176,88.1069,2041.0,20.9,233.6,10.95,73.0,-0.5844,23.23,1,27_88,2016/07/20 00:00:00+00,426.2,0.35,0.08,0
27.2872,88.2816,575.0,19.1,322.6,9.83,62.0,0.4288,3.15,1,27_88,2007/09/18 00:00:00+00,46.5,0.35,0.08,0
26.1097,91.8032,62.0,3.3,146.3,1.5,5.0,-2.0045,7.72,1,26_91,2017/07/06 00:00:00+00,276.6,0.35,0.08,0
26.1455,91.7936,82.0,12.8,270.0,6.61,31.0,-2.0649,5.74,1,26_91,2017/07/10 00:00:00+00,199.3,0.35,0.08,0
26.1868,91.6739,51.0,2.9,288.4,1.37,6.0,-2.6283,7.8,1,26_91,2015/09/01 00:00:00+00,217.8,0.35,0.08,0
25.0873,91.7506,11.0,0.9,270.0,1.17,6.0,0.0,20.42,1,25_91,2017/01/23 00:00:00+00,0.0,0.35,0.08,0
27.2879,88.2579,1506.0,27.8,135.0,13.02,59.0,-0.3888,0.93,1,27_88,2011/06/23 00:00:00+00,158.2,0.35,0.08,0
27.7344,88.633,3496.0,22.1,113.5,11.55,68.0,0.1397,8.4,1,27_88,2011/08/25 00:00:00+00,52.0,0.35,0.08,0
27.3392,88.6188,1862.0,26.9,140.2,11.98,44.0,0.9784,1.22,1,27_88,2010/08/27 00:00:00+00,428.9,0.35,0.08,0
27.1598,88.6341,802.0,31.3,228.2,18.04,109.0,-0.3102,10.46,1,27_88,2009/08/16 00:00:00+00,322.5,0.35,0.08,0
26.048,91.8695,75.0,11.7,135.0,5.11,27.0,-0.4259,16.49,1,26_91,2015/09/05 00:00:00+00,502.1,0.35,0.08,0
26.1407,91.7645,62.0,2.9,108.4,1.5,13.0,1.5998,2.86,1,26_91,2014/06/26 00:00:00+00,215.2,0.35,0.08,0
27.2328,88.5929,1303.0,9.2,180.0,5.28,31.0,-1.4454,8.83,1,27_88,2018/05/26 00:00:00+00,181.1,0.35,0.08,0
27.7,92.8,2442.0,16.6,49.4,9.06,62.0,2.0612,61.49,1,27_92,2009/08/12 00:00:00+00,247.0,0.35,0.08,0
26.4935,91.7214,62.0,1.3,315.0,1.06,5.0,-8.9432,38.83,1,26_91,2015/09/01 00:00:00+00,164.4,0.35,0.08,0
25.583,91.893,1448.0,6.5,8.1,3.24,18.0,1.3083,0.47,1,25_91,2015/09/23 00:00:00+00,188.8,0.35,0.08,0
27.0771,88.482,1222.0,17.0,122.0,8.04,44.0,-0.2496,12.02,1,27_88,2008/06/30 00:00:00+00,109.4,0.35,0.08,0
27.7167,88.5577,2660.0,11.9,175.6,6.18,47.0,0.5608,0.76,1,27_88,2012/06/03 00:00:00+00,98.6,0.35,0.08,0
26.1016,91.6906,115.0,39.6,270.0,22.21,82.0,-2.2674,6.59,1,26_91,2013/05/11 00:00:00+00,70.4,0.35,0.08,0
27.0161,88.2478,2193.0,15.8,13.2,7.35,49.0,-0.673,19.56,1,27_88,2015/06/29 00:00:00+00,170.0,0.35,0.08,0
27.4885,88.4451,1918.0,23.2,190.9,15.63,124.0,-0.4307,8.57,1,27_88,2011/06/17 00:00:00+00,77.6,0.35,0.08,0
26.1833,91.8,68.0,3.9,135.0,1.58,6.0,-2.5552,7.69,1,26_91,2007/09/13 00:00:00+00,205.0,0.35,0.08,0
25.826,91.8711,622.0,16.8,143.7,9.21,46.0,-2.1179,8.27,1,25_91,2017/07/09 00:00:00+00,218.8,0.35,0.08,0
26.2225,91.9205,91.0,20.3,336.8,9.92,55.0,-0.12,20.33,1,26_91,2017/07/03 00:00:00+00,180.2,0.35,0.08,0
27.0436,88.2652,2070.0,3.8,256.0,2.37,12.0,5.1555,16.06,1,27_88,2009/05/26 00:00:00+00,164.4,0.35,0.08,0
25.5772,91.8666,1479.0,11.6,251.6,4.95,17.0,-1.9998,2.68,1,25_91,2014/09/23 00:00:00+00,295.0,0.35,0.08,0
27.0375,88.2627,2072.0,14.8,312.5,8.15,54.0,1.796,16.77,1,27_88,2010/08/06 00:00:00+00,154.4,0.35,0.08,0
27.1758,88.5294,308.0,19.2,62.2,10.22,58.0,0.8024,0.09,1,27_88,2016/01/14 00:00:00+00,11.4,0.35,0.08,0
27.2676,88.2891,614.0,46.7,214.4,28.53,160.0,-0.6747,4.24,1,27_88,2016/10/12 00:00:00+00,133.9,0.35,0.08,0
27.304,92.4078,2129.0,23.3,340.2,12.37,80.0,-2.0107,4.46,1,27_92,2017/09/30 00:00:00+00,76.5,0.0918,0.0436,1
27.0095,88.2592,2222.0,29.7,214.6,14.81,88.0,-0.5052,19.66,1,27_88,2009/05/26 00:00:00+00,164.4,0.35,0.08,0
27.44,92.2833,2615.0,0.9,0.0,2.29,25.0,-14.4544,23.5,1,27_92,2011/08/12 00:00:00+00,125.0,0.35,0.08,0
27.0875,88.4572,264.0,21.1,284.6,11.13,73.0,-0.621,12.23,1,27_88,2007/09/20 00:00:00+00,36.1,0.35,0.08,0
27.3765,88.7628,3762.0,12.3,48.0,6.69,40.0,-3.974,15.99,1,27_88,2013/06/27 00:00:00+00,177.6,0.35,0.08,0
27.3773,88.559,1480.0,31.7,346.3,15.65,76.0,-0.1232,6.34,1,27_88,2010/07/21 00:00:00+00,284.1,0.35,0.08,0
26.1295,91.7056,145.0,5.4,301.0,3.28,16.0,-0.8749,3.48,1,26_91,2014/09/22 00:00:00+00,134.6,0.35,0.08,0
27.167,88.3652,1486.0,23.8,83.7,12.75,58.0,0.2514,1.5,1,27_88,2010/08/20 00:00:00+00,265.2,0.35,0.08,0
27.2743,92.9064,640.0,13.1,102.1,6.01,52.0,1.1228,48.49,1,27_92,2011/07/16 00:00:00+00,200.3,0.35,0.08,0
26.1097,91.7747,60.0,2.1,153.4,1.17,3.0,-2.5857,5.45,1,26_91,2014/09/22 00:00:00+00,145.3,0.35,0.08,0
27.036,88.2626,2120.0,17.0,328.0,9.9,83.0,0.1635,16.92,1,27_88,2018/05/14 00:00:00+00,46.4,0.5199,0.0637,1
26.1978,91.7665,92.0,17.2,186.0,8.99,35.0,-3.8243,6.65,1,26_91,2010/04/20 00:00:00+00,143.1,0.35,0.08,0
27.1748,88.6458,947.0,15.2,17.4,7.66,41.0,-0.2087,11.46,1,27_88,2012/06/07 00:00:00+00,101.9,0.35,0.08,0
26.1062,91.8717,248.0,5.6,0.0,4.23,31.0,-2.4091,14.18,1,26_91,2015/07/25 00:00:00+00,314.0,0.35,0.08,0
26.1963,91.8074,173.0,11.9,147.5,6.48,38.0,-1.1738,9.15,1,26_91,2016/07/14 00:00:00+00,129.8,0.35,0.08,0
27.478,88.527,748.0,23.1,81.3,18.23,92.0,5.59,3.02,1,27_88,2009/07/01 00:00:00+00,219.5,0.35,0.08,0
26.1043,91.8623,156.0,27.9,297.3,14.07,51.0,-2.1246,13.36,1,26_91,2017/07/03 00:00:00+00,161.2,0.1684,0.0882,1
26.1966,91.802,105.0,10.1,270.0,5.78,32.0,0.0,8.76,1,26_91,2016/07/20 00:00:00+00,148.8,0.35,0.08,0
26.1226,91.7162,74.0,15.0,115.0,7.42,51.0,1.0477,3.15,1,26_91,2012/06/22 00:00:00+00,202.6,0.35,0.08,0
26.1004,91.8735,104.0,14.4,251.6,7.25,38.0,-0.1828,14.56,1,26_91,2017/07/03 00:00:00+00,161.2,0.35,0.08,0
27.337,88.609,1542.0,12.7,69.0,6.08,53.0,0.1311,0.32,1,27_88,2008/08/28 00:00:00+00,341.7,0.35,0.08,0
26.1965,91.763,95.0,2.8,90.0,2.62,16.0,-9.6363,6.37,1,26_91,2010/04/20 00:00:00+00,143.1,0.35,0.08,0
27.0736,88.4779,1159.0,11.9,85.6,6.4,38.0,0.4271,12.54,1,27_88,2009/08/20 00:00:00+00,499.7,0.35,0.08,0
26.1468,91.6469,61.0,8.5,310.6,5.06,32.0,3.1909,8.92,1,26_91,2015/02/14 00:00:00+00,0.5,0.35,0.08,0
25.5183,91.963,1614.0,2.9,288.4,1.7,15.0,-1.9426,9.71,1,25_91,2017/02/15 00:00:00+00,2.0,0.35,0.08,0
25.9611,91.3681,182.0,5.6,80.5,3.81,17.0,6.0049,42.05,1,25_91,2016/07/07 00:00:00+00,404.1,0.35,0.08,0
27.201,88.4883,401.0,27.4,38.7,13.92,90.0,-0.5616,3.77,1,27_88,2007/09/07 00:00:00+00,269.2,0.35,0.08,0
26.3333,91.25,42.0,1.3,45.0,0.79,4.0,1.2776,52.84,1,26_91,2008/10/29 00:00:00+00,69.7,0.35,0.08,0
27.6558,88.605,1935.0,13.8,97.6,7.71,23.0,-0.7862,7.63,1,27_88,2012/09/19 00:00:00+00,279.4,0.35,0.08,0
27.1954,88.6115,474.0,7.0,113.2,3.66,19.0,-0.8263,8.33,1,27_88,2009/09/17 00:00:00+00,117.4,0.35,0.08,0
26.1619,91.7697,56.0,1.9,90.0,0.79,4.0,0.0,3.86,1,26_91,2014/06/27 00:00:00+00,187.8,0.35,0.08,0
27.0115,92.642,229.0,29.0,263.3,15.56,94.0,-0.1657,35.95,1,27_92,2017/07/01 00:00:00+00,179.6,0.35,0.08,0
27.7565,88.632,3891.0,17.7,204.0,8.62,51.0,-1.6719,9.2,1,27_88,2012/06/07 00:00:00+00,26.1,0.35,0.08,0
25.6784,91.9234,986.0,12.3,138.0,7.48,47.0,-2.312,11.48,1,25_91,2017/06/17 00:00:00+00,211.9,0.35,0.08,0
25.0926,91.7637,12.0,0.9,0.0,0.87,3.0,0.0,20.02,1,25_91,2017/03/06 00:00:00+00,36.6,0.35,0.08,0
25.4381,91.799,1882.0,2.9,71.6,1.58,10.0,3.6567,18.28,1,25_91,2017/06/17 00:00:00+00,234.5,0.35,0.08,0
26.1309,91.8383,107.0,7.9,215.5,5.17,39.0,4.4846,10.3,1,26_91,2013/10/06 00:00:00+00,60.5,0.35,0.08,0
26.1324,91.8342,69.0,2.8,270.0,1.87,14.0,4.8181,9.87,1,26_91,2014/09/22 00:00:00+00,134.6,0.35,0.08,0
26.1049,91.7369,158.0,15.6,144.5,7.31,36.0,-2.4637,4.4,1,26_91,2012/06/25 00:00:00+00,352.3,0.35,0.08,0
27.339,88.6065,1504.0,14.6,356.4,8.35,47.0,-1.3297,0.01,1,27_88,2012/06/14 00:00:00+00,73.5,0.35,0.08,0
27.3721,88.708,3165.0,37.9,78.0,23.06,101.0,-0.9197,10.68,1,27_88,2013/06/08 00:00:00+00,85.1,0.35,0.08,0
27.0638,88.4659,1169.0,12.4,342.9,6.46,41.0,-1.3327,14.04,1,27_88,2011/06/20 00:00:00+00,107.6,0.35,0.08,0
25.9702,91.8587,286.0,9.5,119.1,4.02,26.0,-0.7053,8.09,1,25_91,2014/10/05 00:00:00+00,11.0,0.35,0.08,0
27.4459,88.6193,1957.0,14.7,97.1,8.44,41.0,0.0965,10.99,1,27_88,2007/04/11 00:00:00+00,147.8,0.35,0.08,0
25.38,91.88,1307.0,38.0,159.3,20.2,97.0,-0.4805,19.41,1,25_91,2007/07/26 00:00:00+00,329.9,0.35,0.08,0
26.1548,91.7351,57.0,1.9,90.0,0.87,5.0,0.0,1.15,1,26_91,2011/09/23 00:00:00+00,139.6,0.35,0.08,0
26.2045,91.872,139.0,19.3,236.3,9.62,49.0,-0.7196,15.11,1,26_91,2017/07/03 00:00:00+00,164.3,0.35,0.08,0
27.0875,88.6556,2180.0,17.7,210.5,9.17,51.0,-3.8254,15.88,1,27_88,2015/06/30 00:00:00+00,208.0,0.35,0.08,0
27.2183,92.5511,1614.0,29.1,171.6,14.54,72.0,-2.2973,14.32,0,27_92,2008/10/29 00:00:00+00,147.1,0.35,0.08,0
27.9428,92.7914,4525.0,9.9,326.3,7.52,41.0,-6.9899,84.01,0,27_92,2011/08/12 00:00:00+00,82.8,0.35,0.08,0
27.2039,92.5994,1181.0,15.1,122.7,7.21,42.0,-0.243,19.36,0,27_92,2008/10/29 00:00:00+00,147.1,0.35,0.08,0
27.4839,88.9617,4179.0,22.9,270.0,11.52,62.0,0.5559,30.44,0,27_88,2009/07/22 00:00:00+00,46.5,0.35,0.08,0
25.9164,91.0003,78.0,16.3,326.3,0.0,0.0,0.0,51.85,0,25_91,2014/10/05 00:00:00+00,16.8,0.35,0.08,0
27.0844,92.8694,1237.0,14.7,201.8,7.27,58.0,0.7096,48.6,0,27_92,2009/08/12 00:00:00+00,75.1,0.35,0.08,0
26.1816,91.772,58.0,0.9,270.0,0.87,3.0,0.0,5.46,1,26_91,2016/12/15 00:00:00+00,0.0,0.35,0.08,0
26.1904,91.7731,87.0,16.0,137.3,9.1,43.0,1.279,6.29,1,26_91,2017/07/10 00:00:00+00,211.9,0.35,0.08,0
25.2617,91.2272,213.0,19.3,166.6,12.03,84.0,4.2428,35.97,0,25_91,2014/09/23 00:00:00+00,251.3,0.35,0.08,0
27.78,88.1411,5193.0,9.6,286.7,5.33,31.0,-0.9399,40.85,0,27_88,2009/09/17 00:00:00+00,5.3,0.35,0.08,0
25.0258,91.5478,16.0,1.3,315.0,0.61,4.0,-3.8328,30.4,0,25_91,2015/02/22 00:00:00+00,17.3,0.35,0.08,0
25.9836,91.1139,49.0,5.9,321.3,2.69,8.0,1.5416,64.68,0,25_91,2010/06/28 00:00:00+00,179.7,0.35,0.08,0
26.935,91.2897,1274.0,11.2,305.0,7.49,46.0,3.6081,87.53,0,26_91,2015/09/01 00:00:00+00,366.5,0.35,0.08,0
25.8147,91.3314,245.0,7.9,200.6,4.97,30.0,3.9861,54.61,0,25_91,2014/10/05 00:00:00+00,44.0,0.35,0.08,0
27.6517,88.1797,5158.0,23.6,74.9,13.08,89.0,1.3913,37.17,0,27_88,2007/08/29 00:00:00+00,19.8,0.35,0.08,0
26.9044,91.7778,688.0,11.0,41.6,5.85,34.0,-3.1044,74.79,0,26_91,2014/09/22 00:00:00+00,243.6,0.35,0.08,0
26.0717,91.8947,109.0,17.0,122.0,8.77,44.0,1.0932,17.78,0,26_91,2013/05/11 00:00:00+00,73.7,0.35,0.08,0
27.1953,88.775,2586.0,16.6,77.5,8.56,46.0,2.8682,23.07,0,27_88,2007/04/11 00:00:00+00,41.7,0.35,0.08,0
27.9853,88.0378,6212.0,30.8,132.8,15.88,126.0,0.8038,58.55,0,27_88,2011/09/25 00:00:00+00,41.8,0.35,0.08,0
27.0417,88.0378,2793.0,26.4,348.7,12.93,58.0,-0.0273,33.89,0,27_88,2010/08/27 00:00:00+00,266.9,0.35,0.08,0
27.1736,88.4494,1507.0,26.9,82.6,15.4,88.0,-2.014,7.97,0,27_88,2011/09/25 00:00:00+00,105.6,0.35,0.08,0
25.5217,91.7072,1809.0,28.3,313.8,13.69,63.0,-0.2314,19.72,0,25_91,2015/09/23 00:00:00+00,256.9,0.35,0.08,0
26.1917,91.8101,95.0,11.9,67.4,5.61,28.0,2.1119,9.05,1,26_91,2016/12/15 00:00:00+00,0.0,0.35,0.08,0
27.3683,88.0267,3238.0,25.6,61.7,18.78,128.0,-5.3625,24.0,0,27_88,2007/09/20 00:00:00+00,72.9,0.35,0.08,0
26.1607,91.8529,110.0,11.9,274.4,6.27,38.0,-2.9133,11.79,1,26_91,2017/04/05 00:00:00+00,173.0,0.35,0.08,0
25.0821,91.7783,11.0,1.9,180.0,0.94,6.0,0.0,21.45,1,25_91,2015/11/16 00:00:00+00,0.0,0.35,0.08,0
25.0586,91.2042,7.0,0.0,270.0,0.5,3.0,0.0,46.44,0,25_91,2017/01/23 00:00:00+00,0.0,0.35,0.08,0
26.1062,91.8516,205.0,29.6,239.0,15.08,100.0,0.4526,12.28,1,26_91,2017/07/03 00:00:00+00,161.2,0.35,0.08,0
26.8797,91.5736,1169.0,46.9,48.1,25.35,123.0,0.0689,83.34,0,26_91,2007/09/13 00:00:00+00,185.5,0.35,0.08,0
26.8219,91.8236,199.0,2.9,198.4,1.06,4.0,-1.4855,75.83,0,26_91,2013/10/06 00:00:00+00,33.2,0.35,0.08,0
25.8286,91.8767,612.0,12.0,351.3,5.98,28.0,-2.3345,7.95,1,25_91,2017/07/06 00:00:00+00,288.8,0.35,0.08,0
27.1033,88.5472,1657.0,18.5,112.8,8.92,60.0,0.1155,8.3,0,27_88,2010/07/21 00:00:00+00,284.1,0.35,0.08,0
27.8314,88.7119,4307.0,18.9,354.6,10.49,69.0,-0.4858,16.89,0,27_88,2013/09/07 00:00:00+00,98.2,0.35,0.08,0
26.7919,91.9556,165.0,2.9,71.6,1.62,7.0,-3.9995,69.57,0,26_91,2014/09/22 00:00:00+00,159.7,0.35,0.08,0
27.0314,92.1206,1262.0,19.5,254.1,9.97,58.0,1.5671,39.06,0,27_92,2011/08/12 00:00:00+00,141.7,0.35,0.08,0
25.6758,91.42,1461.0,7.2,320.2,3.43,21.0,2.4423,45.14,0,25_91,2016/07/07 00:00:00+00,242.4,0.35,0.08,0
27.3742,88.9486,3455.0,17.8,139.1,11.41,61.0,-5.1136,34.01,0,27_88,2016/10/15 00:00:00+00,333.0,0.35,0.08,0
26.4447,91.7789,58.0,1.9,90.0,1.32,6.0,0.0,33.65,0,26_91,2014/06/26 00:00:00+00,289.9,0.35,0.08,0
27.4592,88.8431,4362.0,42.0,129.1,22.57,149.0,0.5323,24.65,0,27_88,2009/05/26 00:00:00+00,71.2,0.35,0.08,0
26.0689,91.9047,61.0,3.8,284.0,2.12,7.0,0.6187,18.81,0,26_91,2015/07/25 00:00:00+00,292.4,0.35,0.08,0
25.0894,91.6608,15.0,1.3,225.0,0.94,4.0,-1.2776,21.25,0,25_91,2010/06/28 00:00:00+00,316.0,0.35,0.08,0
27.235,88.7039,1077.0,37.9,125.7,19.07,116.0,0.3049,15.04,0,27_88,2010/06/16 00:00:00+00,51.5,0.35,0.08,0
26.6572,91.0667,54.0,2.6,45.0,1.58,5.0,5.1104,53.87,0,26_91,2012/06/20 00:00:00+00,521.2,0.35,0.08,0
26.315,91.3944,46.0,3.3,326.3,1.7,5.0,-3.3922,39.01,0,26_91,2017/07/10 00:00:00+00,197.3,0.35,0.08,0
25.5156,91.26,1352.0,18.1,153.4,8.9,49.0,1.7238,40.49,0,25_91,2016/07/07 00:00:00+00,302.7,0.35,0.08,0
27.3228,88.9519,4233.0,28.2,208.9,15.71,84.0,2.4637,34.17,0,27_88,2010/08/29 00:00:00+00,162.9,0.35,0.08,0
25.3356,91.7936,1381.0,34.2,220.2,18.27,122.0,-2.7089,9.7,0,25_91,2016/07/07 00:00:00+00,389.0,0.35,0.08,0
26.42,91.9325,61.0,2.1,243.4,1.58,6.0,-4.5249,36.35,0,26_91,2016/07/14 00:00:00+00,76.5,0.35,0.08,0
25.715,91.8942,875.0,13.8,262.4,6.3,25.0,-2.0876,15.14,0,25_91,2010/06/09 00:00:00+00,100.5,0.35,0.08,0
27.3604,88.6519,2250.0,48.0,61.2,25.69,96.0,0.096,5.08,1,27_88,2017/07/10 00:00:00+00,302.8,0.35,0.08,0
25.6783,91.845,900.0,7.4,262.9,4.99,14.0,4.4683,12.08,0,25_91,2016/07/07 00:00:00+00,179.5,0.35,0.08,0
27.1475,88.4369,1244.0,23.7,177.9,12.2,71.0,-0.3424,8.86,0,27_88,2008/08/28 00:00:00+00,341.7,0.35,0.08,0
26.8336,91.1722,783.0,23.0,43.5,14.39,103.0,3.3874,71.68,0,26_91,2014/09/22 00:00:00+00,304.6,0.35,0.08,0
26.0236,91.6967,378.0,26.3,301.6,13.55,60.0,1.2578,14.01,0,26_91,2011/09/23 00:00:00+00,173.7,0.35,0.08,0
25.8753,91.9447,698.0,5.9,18.4,3.02,20.0,5.0851,7.03,0,25_91,2010/06/09 00:00:00+00,39.4,0.35,0.08,0
27.1297,88.5406,769.0,26.6,204.9,12.3,68.0,-1.6336,5.29,0,27_88,2007/09/05 00:00:00+00,149.3,0.35,0.08,0
27.9833,92.5589,4691.0,37.5,224.1,22.4,89.0,2.4413,81.16,0,27_92,2011/07/16 00:00:00+00,65.5,0.35,0.08,0
26.2864,91.63,51.0,0.0,270.0,0.71,4.0,0.0,19.0,0,26_91,2013/05/11 00:00:00+00,69.1,0.35,0.08,0
26.6628,91.5833,77.0,2.9,71.6,1.62,6.0,-1.4855,59.61,0,26_91,2014/09/22 00:00:00+00,260.4,0.35,0.08,0
27.6978,88.4067,4090.0,25.7,135.0,11.65,68.0,-0.1825,14.27,0,27_88,2009/05/26 00:00:00+00,86.3,0.35,0.08,0
25.1761,91.8467,36.0,6.2,63.4,2.78,13.0,-1.9393,15.71,0,25_91,2017/03/06 00:00:00+00,38.8,0.35,0.08,0
27.5978,92.4914,2686.0,33.2,138.0,18.49,113.0,-0.0683,37.8,0,27_92,2011/08/12 00:00:00+00,112.6,0.35,0.08,0
26.9039,91.2028,1121.0,21.1,157.8,13.12,114.0,-1.9831,78.45,0,26_91,2014/09/22 00:00:00+00,315.2,0.35,0.08,0
26.7475,91.8383,127.0,1.9,90.0,0.71,5.0,0.0,67.82,0,26_91,2007/09/13 00:00:00+00,225.1,0.35,0.08,0
27.0783,88.7339,2421.0,27.1,101.0,14.69,78.0,0.0535,22.94,0,27_88,2013/09/08 00:00:00+00,141.9,0.35,0.08,0
27.0678,88.456,1087.0,17.4,201.3,8.94,58.0,0.1565,14.12,1,27_88,2015/07/01 00:00:00+00,100.9,0.35,0.08,0
26.2983,91.8228,54.0,4.1,153.4,2.15,9.0,0.9696,19.16,0,26_91,2016/12/15 00:00:00+00,0.0,0.35,0.08,0
27.0239,92.9719,893.0,38.7,35.9,22.61,154.0,0.3236,44.94,0,27_92,2016/07/01 00:00:00+00,57.2,0.35,0.08,0
26.9989,91.71,1221.0,23.1,40.4,11.88,62.0,0.1527,67.06,0,26_91,2014/09/22 00:00:00+00,283.8,0.35,0.08,0
27.5261,88.0867,4902.0,11.7,225.0,4.8,26.0,0.2839,31.45,0,27_88,2015/06/17 00:00:00+00,108.0,0.35,0.08,0
27.5647,88.7008,3125.0,25.4,82.1,16.14,179.0,1.0163,6.36,0,27_88,2011/07/19 00:00:00+00,233.1,0.35,0.08,0
26.4308,91.0078,49.0,2.1,206.6,1.32,5.0,-1.9393,45.92,0,26_91,2012/06/20 00:00:00+00,519.2,0.35,0.08,0
25.3994,91.3453,1456.0,21.5,260.5,10.43,49.0,0.6824,26.43,0,25_91,2007/09/11 00:00:00+00,419.0,0.35,0.08,0
27.5447,92.6425,2930.0,26.0,273.8,13.21,69.0,-0.4706,38.36,0,27_92,2016/07/01 00:00:00+00,291.2,0.35,0.08,0
27.3664,88.8583,4421.0,23.8,126.0,12.66,99.0,-0.606,25.06,0,27_88,2009/09/17 00:00:00+00,24.6,0.35,0.08,0
27.2783,92.8742,568.0,32.1,169.6,17.44,75.0,-1.4361,45.32,0,27_92,2011/07/16 00:00:00+00,430.6,0.35,0.08,0
27.5197,88.8864,3308.0,47.5,96.0,25.77,114.0,0.9286,22.62,0,27_88,2016/07/26 00:00:00+00,453.3,0.35,0.08,0
27.3439,92.2656,1688.0,34.7,230.7,17.31,91.0,-0.0571,17.28,0,27_92,2009/08/12 00:00:00+00,94.0,0.35,0.08,0
26.1108,91.6858,51.0,0.9,0.0,0.87,2.0,-14.4544,6.27,0,26_91,2013/05/11 00:00:00+00,70.4,0.35,0.08,0
27.3736,92.6717,2707.0,2.6,225.0,4.03,39.0,-11.4984,28.03,0,27_92,2011/07/16 00:00:00+00,329.9,0.35,0.08,0
27.9114,88.9386,5413.0,27.9,293.4,23.86,206.0,0.6255,31.42,0,27_88,2017/07/10 00:00:00+00,50.7,0.35,0.08,0
27.1994,88.9536,2645.0,24.5,175.9,13.64,78.0,-0.4104,37.65,0,27_88,2010/07/21 00:00:00+00,286.7,0.35,0.08,0
25.9306,91.2472,60.0,2.1,116.6,1.41,5.0,-1.9393,54.34,0,25_91,2014/10/05 00:00:00+00,16.8,0.35,0.08,0
27.5708,88.1778,4548.0,10.5,74.7,9.1,81.0,-6.0437,32.76,0,27_88,2009/07/22 00:00:00+00,16.4,0.35,0.08,0
27.4553,88.6886,2504.0,28.0,127.6,17.39,100.0,0.131,15.27,0,27_88,2011/07/19 00:00:00+00,336.3,0.35,0.08,0
27.1544,92.8536,1589.0,37.4,53.6,21.0,131.0,-1.1199,44.98,0,27_92,2016/07/01 00:00:00+00,357.6,0.35,0.08,0
27.6356,92.0947,3684.0,11.0,265.2,6.37,44.0,-2.0448,23.3,0,27_92,2017/09/30 00:00:00+00,39.3,0.35,0.08,0
25.4619,91.3881,1537.0,3.9,225.0,3.76,16.0,6.388,26.79,0,25_91,2017/03/06 00:00:00+00,23.7,0.35,0.08,0
26.6869,91.9447,93.0,2.9,251.6,1.41,7.0,-1.8284,63.79,0,26_91,2014/09/22 00:00:00+00,159.7,0.35,0.08,0
27.8344,92.4606,5402.0,6.5,270.0,3.55,20.0,0.0,63.53,0,27_92,2017/09/30 00:00:00+00,39.4,0.35,0.08,0
25.4833,91.5878,1685.0,14.7,187.1,7.23,30.0,-1.5446,20.68,0,25_91,2015/09/23 00:00:00+00,288.4,0.35,0.08,0
27.0425,88.5161,600.0,27.5,264.6,13.96,62.0,-0.6361,14.95,0,27_88,2012/06/03 00:00:00+00,154.3,0.35,0.08,0
25.4397,91.3669,1543.0,16.9,105.5,7.39,34.0,-0.47,26.85,0,25_91,2015/09/06 00:00:00+00,395.7,0.35,0.08,0
27.2072,92.9042,638.0,11.1,204.4,5.23,45.0,3.9308,48.69,0,27_92,2011/08/12 00:00:00+00,182.0,0.35,0.08,0
26.1339,91.9394,96.0,2.1,296.6,3.97,20.0,3.2321,20.32,0,26_91,2011/09/23 00:00:00+00,142.7,0.35,0.08,0
27.935,88.3525,4990.0,16.6,45.0,9.1,45.0,1.4742,31.09,0,27_88,2010/05/31 00:00:00+00,23.5,0.35,0.08,0
27.2119,88.8756,2329.0,33.5,149.0,17.81,84.0,0.4869,30.11,0,27_88,2010/04/17 00:00:00+00,23.7,0.35,0.08,0
27.3014,88.1489,1932.0,45.5,326.1,25.02,105.0,0.1929,10.19,0,27_88,2012/09/14 00:00:00+00,152.2,0.35,0.08,0
26.4897,91.1683,42.0,1.9,0.0,1.17,4.0,0.0,61.21,0,26_91,2016/07/20 00:00:00+00,137.5,0.35,0.08,0
26.4636,91.7464,59.0,0.0,270.0,0.94,4.0,0.0,35.5,0,26_91,2013/05/11 00:00:00+00,51.7,0.35,0.08,0
25.0275,91.3667,13.0,3.8,346.0,1.7,6.0,2.4746,37.07,0,25_91,2014/10/05 00:00:00+00,2.2,0.35,0.08,0
27.195,88.9711,2207.0,27.4,308.7,14.14,68.0,0.2643,39.43,0,27_88,2016/07/26 00:00:00+00,603.4,0.35,0.08,0
27.8078,88.5542,3227.0,20.7,46.7,14.55,47.0,5.4293,10.14,0,27_88,2010/08/29 00:00:00+00,180.5,0.35,0.08,0
25.405,91.9331,1569.0,43.5,20.0,25.92,101.0,2.4392,19.73,0,25_91,2014/09/23 00:00:00+00,226.8,0.35,0.08,0
25.7508,91.6144,731.0,6.7,164.1,4.32,18.0,4.3081,31.33,0,25_91,2010/06/28 00:00:00+00,251.0,0.35,0.08,0
27.6725,92.6589,1811.0,14.8,137.5,6.94,58.0,2.1947,51.31,0,27_92,2016/07/01 00:00:00+00,603.7,0.35,0.08,0
25.5467,91.2667,1385.0,27.4,122.2,13.82,66.0,-0.0288,42.15,0,25_91,2010/06/09 00:00:00+00,154.6,0.35,0.08,0
27.1695,88.3664,1586.0,23.7,87.9,11.67,63.0,-1.4463,1.65,1,27_88,2016/10/15 00:00:00+00,273.5,0.2627,0.0673,1
26.9306,91.3828,1179.0,55.3,46.8,33.17,165.0,0.1577,87.09,0,26_91,2017/07/06 00:00:00+00,512.1,0.35,0.08,0
25.6581,91.6522,1423.0,16.8,143.7,9.76,32.0,-3.6439,25.73,0,25_91,2017/07/06 00:00:00+00,229.2,0.35,0.08,0
27.4178,88.1219,3973.0,22.3,189.1,14.99,72.0,7.0051,19.58,0,27_88,2011/09/25 00:00:00+00,105.6,0.35,0.08,0
26.1169,91.405,45.0,2.6,135.0,1.87,7.0,-8.9432,33.21,0,26_91,2017/07/10 00:00:00+00,270.0,0.35,0.08,0
25.5192,91.3356,1465.0,3.3,33.7,1.54,11.0,1.2335,35.0,0,25_91,2017/07/09 00:00:00+00,228.4,0.0315,0.0127,1
27.5194,92.3728,3552.0,28.0,37.6,14.76,91.0,0.4685,28.67,0,27_92,2011/07/16 00:00:00+00,125.8,0.35,0.08,0
27.7194,92.9744,1273.0,17.0,328.0,10.59,65.0,1.1792,74.8,0,27_92,2008/10/29 00:00:00+00,119.5,0.35,0.08,0
27.4744,92.9783,1508.0,31.0,288.9,15.96,90.0,-0.5876,60.25,0,27_92,2008/10/29 00:00:00+00,104.1,0.35,0.08,0
27.1056,88.9514,2296.0,31.3,48.2,18.33,95.0,-0.8387,42.43,0,27_88,2010/05/31 00:00:00+00,111.7,0.35,0.08,0
27.6797,88.1794,6898.0,21.1,104.6,14.38,100.0,3.9683,36.71,0,27_88,2011/07/19 00:00:00+00,117.3,0.35,0.08,0
26.8564,91.1231,663.0,22.8,164.4,11.15,58.0,0.7672,68.94,0,26_91,2013/05/11 00:00:00+00,59.7,0.35,0.08,0
26.8878,91.3281,1357.0,25.4,97.9,15.22,96.0,-1.2335,88.08,0,26_91,2012/06/22 00:00:00+00,178.6,0.35,0.08,0
27.9878,88.2353,5760.0,30.4,165.6,15.31,82.0,1.3241,43.2,0,27_88,2015/06/13 00:00:00+00,23.6,0.35,0.08,0
27.5642,92.0708,4337.0,24.0,33.1,12.96,97.0,-0.1845,20.43,0,27_92,2011/07/16 00:00:00+00,93.6,0.35,0.08,0
27.4161,88.1042,4088.0,33.2,7.1,16.81,70.0,-0.2372,20.63,0,27_88,2007/09/10 00:00:00+00,197.4,0.35,0.08,0
27.77,92.605,4142.0,8.5,139.4,5.6,58.0,2.3978,59.22,0,27_92,2017/07/01 00:00:00+00,320.0,0.35,0.08,0
27.5792,92.2147,4390.0,30.3,33.7,16.47,99.0,0.7709,34.48,0,27_92,2017/07/01 00:00:00+00,88.4,0.35,0.08,0
25.5972,91.8761,1428.0,3.3,326.3,2.15,11.0,-4.6257,2.68,0,25_91,2017/05/26 00:00:00+00,36.6,0.35,0.08,0
27.6961,88.1069,6326.0,29.8,45.0,20.65,104.0,-6.0303,43.68,0,27_88,2007/08/29 00:00:00+00,25.0,0.35,0.08,0
27.8419,88.5461,3633.0,17.7,149.5,9.6,69.0,2.4963,13.93,0,27_88,2011/09/30 00:00:00+00,71.5,0.35,0.08,0
26.5017,91.6708,62.0,2.1,333.4,1.27,3.0,3.8785,40.25,0,26_91,2015/07/25 00:00:00+00,210.5,0.35,0.08,0
27.1831,88.2878,734.0,24.3,30.3,12.73,83.0,-1.3343,6.42,0,27_88,2009/05/26 00:00:00+00,51.1,0.35,0.08,0
25.9039,91.4247,149.0,1.9,180.0,0.94,13.0,0.0,41.04,0,25_91,2017/07/09 00:00:00+00,309.9,0.35,0.08,0
25.2378,91.3281,420.0,39.8,83.3,21.36,93.0,1.0351,26.46,0,25_91,2014/09/23 00:00:00+00,251.3,0.35,0.08,0
25.6678,91.9728,983.0,19.6,316.8,9.23,53.0,0.3837,12.7,0,25_91,2010/06/28 00:00:00+00,160.4,0.35,0.08,0
26.7831,91.7708,147.0,2.1,243.4,1.17,2.0,5.1714,71.09,0,26_91,2010/04/20 00:00:00+00,190.0,0.35,0.08,0
25.9928,91.7186,310.0,7.0,156.8,4.09,16.0,5.1867,16.96,0,25_91,2014/09/23 00:00:00+00,184.1,0.35,0.08,0
27.5503,88.39,2675.0,36.9,231.1,19.19,124.0,0.1911,14.69,0,27_88,2007/08/29 00:00:00+00,289.1,0.35,0.08,0
27.1031,92.1678,1855.0,8.3,0.0,4.99,36.0,-4.8181,30.41,0,27_92,2009/08/12 00:00:00+00,81.3,0.35,0.08,0
26.9456,91.0792,1460.0,40.6,297.1,24.37,143.0,0.4121,71.8,0,26_91,2014/09/22 00:00:00+00,361.6,0.35,0.08,0
25.4008,91.6583,1635.0,9.8,311.2,4.17,16.0,-0.2888,13.78,0,25_91,2014/10/05 00:00:00+00,30.3,0.35,0.08,0
26.4017,91.1839,44.0,4.1,153.4,1.9,8.0,-1.6161,62.05,0,26_91,2012/06/22 00:00:00+00,427.1,0.35,0.08,0
27.2589,88.8175,2876.0,18.1,153.4,10.76,79.0,0.9337,22.67,0,27_88,2010/09/04 00:00:00+00,164.2,0.35,0.08,0
26.0739,91.8894,174.0,26.9,153.4,12.49,51.0,0.3232,17.2,0,26_91,2015/09/01 00:00:00+00,396.9,0.35,0.08,0
25.7583,91.7978,721.0,6.5,8.1,3.1,16.0,-2.6881,17.77,0,25_91,2017/06/17 00:00:00+00,273.3,0.35,0.08,0
25.7667,91.0025,597.0,5.6,99.5,3.41,26.0,5.2664,42.58,0,25_91,2017/03/06 00:00:00+00,2.5,0.35,0.08,0
25.5981,91.8911,1432.0,4.6,270.0,2.37,14.0,-2.8909,2.15,0,25_91,2017/07/06 00:00:00+00,230.2,0.35,0.08,0
27.3469,88.7683,3371.0,34.5,313.1,17.09,90.0,0.3834,16.01,0,27_88,2011/07/20 00:00:00+00,268.0,0.35,0.08,0
27.6875,88.2339,6338.0,16.0,196.4,15.05,85.0,-10.549,31.29,0,27_88,2011/06/23 00:00:00+00,62.3,0.35,0.08,0
27.1658,92.3133,2576.0,12.2,193.0,7.31,43.0,-5.1812,14.94,0,27_92,2017/07/01 00:00:00+00,119.3,0.35,0.08,0
27.4603,92.8622,2061.0,8.3,180.0,4.26,33.0,0.0,49.16,0,27_92,2011/07/16 00:00:00+00,577.7,0.35,0.08,0
26.0681,91.6925,253.0,18.9,84.6,10.23,51.0,-1.9717,9.55,0,26_91,2016/07/14 00:00:00+00,168.8,0.35,0.08,0
27.0661,93.0,901.0,19.8,352.2,0.0,0.0,0.0,50.35,0,27_93,2014/09/23 00:00:00+00,259.7,0.35,0.08,0
27.1027,88.1218,1119.0,19.1,280.8,10.44,79.0,-0.4305,23.68,1,27_88,2016/07/26 00:00:00+00,529.3,0.35,0.08,0
26.4989,91.1769,47.0,1.3,135.0,0.87,5.0,2.5552,62.05,0,26_91,2014/06/28 00:00:00+00,207.9,0.35,0.08,0
27.0992,88.2158,1294.0,33.8,247.2,16.82,94.0,0.6385,15.25,0,27_88,2010/07/21 00:00:00+00,119.6,0.35,0.08,0
27.3094,92.7294,881.0,15.8,283.2,7.31,57.0,2.0054,31.39,0,27_92,2011/08/12 00:00:00+00,139.8,0.35,0.08,0
25.8328,91.7792,746.0,8.4,263.7,4.14,34.0,-0.511,12.56,0,25_91,2016/07/07 00:00:00+00,179.5,0.35,0.08,0
27.8233,92.9542,2683.0,20.3,15.3,12.14,61.0,-2.9036,81.72,0,27_92,2016/07/01 00:00:00+00,445.1,0.35,0.08,0
27.6278,92.7933,2235.0,24.7,320.7,13.05,79.0,-0.377,54.94,0,27_92,2011/08/12 00:00:00+00,146.3,0.35,0.08,0
26.8906,91.4233,1026.0,32.2,78.1,18.71,95.0,-0.3416,88.61,0,26_91,2015/07/25 00:00:00+00,134.4,0.35,0.08,0
26.8592,91.3994,534.0,36.3,284.0,16.37,98.0,-1.2935,86.24,0,26_91,2013/05/11 00:00:00+00,42.5,0.35,0.08,0
27.8689,92.9389,3544.0,42.0,171.7,24.23,130.0,-2.92,84.7,0,27_92,2017/09/30 00:00:00+00,174.9,0.35,0.08,0
26.1028,91.8806,137.0,14.9,127.6,7.53,43.0,1.2663,15.14,1,26_91,2015/08/22 00:00:00+00,283.9,0.35,0.08,0
25.3261,91.6669,1654.0,7.4,352.9,3.1,12.0,-0.662,8.89,0,25_91,2015/11/16 00:00:00+00,3.9,0.35,0.08,0
25.9439,91.5747,666.0,14.1,284.9,6.97,43.0,0.4366,27.53,0,25_91,2015/02/22 00:00:00+00,1.5,0.35,0.08,0
26.2569,91.1494,44.0,3.9,225.0,1.7,8.0,-0.4259,59.86,0,26_91,2017/07/03 00:00:00+00,102.9,0.35,0.08,0
26.2603,91.4169,44.0,0.9,90.0,0.61,4.0,0.0,34.35,0,26_91,2015/02/14 00:00:00+00,0.6,0.35,0.08,0
27.3439,88.1758,1849.0,35.2,260.8,20.3,78.0,1.5026,9.95,0,27_88,2015/07/07 00:00:00+00,273.7,0.35,0.08,0
27.7386,92.2269,4044.0,22.3,341.6,12.44,88.0,0.8999,39.48,0,27_92,2017/09/30 00:00:00+00,39.2,0.35,0.08,0
25.6342,91.4031,1391.0,9.3,95.7,3.62,19.0,2.0079,41.57,0,25_91,2017/03/06 00:00:00+00,7.9,0.35,0.08,0
26.9289,91.4353,1773.0,8.3,180.0,6.12,54.0,1.606,84.52,0,26_91,2016/12/15 00:00:00+00,0.0,0.35,0.08,0
25.6433,91.8019,1007.0,17.2,264.0,8.51,37.0,0.8395,11.64,0,25_91,2015/11/16 00:00:00+00,2.9,0.35,0.08,0
25.2,91.7094,304.0,18.5,50.9,8.6,46.0,-0.2607,8.05,0,25_91,2017/07/09 00:00:00+00,798.8,0.35,0.08,0
27.7261,88.5017,5072.0,28.4,131.3,13.32,83.0,3.9281,4.87,0,27_88,2018/05/26 00:00:00+00,23.5,0.35,0.08,0
27.9169,88.3319,5049.0,21.7,296.6,12.02,45.0,-1.4691,30.91,0,27_88,2018/05/26 00:00:00+00,13.4,0.35,0.08,0
